,Datetime,Text,Username,UserLocation,ReplyCount,LikeCount,RetweetCount
0,2022-02-24 18:20:02+00:00,Construction on #AllTrains at New York Penn Station https://t.co/M8ydhUNfLi,511NY,New York State,0,0,0
1,2022-02-24 10:04:16+00:00,Cleared: Construction on #ELine SB from 23 St to Spring St,511nyACE,New York City,0,0,0
2,2022-02-24 10:04:16+00:00,Cleared: Construction on #ELine SB from 23 St to Spring St,511NY,New York State,0,0,0
3,2022-02-24 02:43:12+00:00,Construction on #ELine SB from 23 St to Spring St https://t.co/2Esf8cXiv2,511nyACE,New York City,0,0,0
4,2022-02-24 02:43:11+00:00,Construction on #ELine SB from 23 St to Spring St https://t.co/i9pBWI6ScD,511NY,New York State,0,0,0
5,2022-02-23 21:34:00+00:00,Construction on #1Line NB from Times Sq - 42 St to 72 St https://t.co/QFpxBUMbL6,511ny123,New York City,0,0,0
6,2022-02-23 21:34:00+00:00,Construction on #1Line NB from Times Sq - 42 St to 72 St https://t.co/xqPX6vVHxg,511NY,New York State,1,0,0
7,2022-02-23 21:33:03+00:00,Construction on #2Line NB from Times Sq - 42 St to 72 St https://t.co/PGUsgiTrr0,511NY,New York State,0,0,0
8,2022-02-23 21:33:03+00:00,Construction on #2Line NB from Times Sq - 42 St to 72 St https://t.co/D7fyOYSwon,511ny123,New York City,0,0,0
9,2022-02-23 18:44:05+00:00,@DinnerWed @EJKessler @JulieMenin @NYC_DOT @Ydanis2013 All the bicycle riders ? Some of the bicycle riders ? Do all of the drivers follow traffic rules ? Should we not have roads for cars if majority of car drivers not follow traffic rules ? What's the consequence of a driver vs. a biker not following traffic rules ?,Choresh2,"East Village, Manhattan",0,6,1
10,2022-02-23 18:08:50+00:00,Hiring an SPM and APM for my NYC construction Corp. Dm me asap,STARFORCEHH,10001,0,1,0
11,2022-02-23 14:01:21+00:00,Construction on #E24THST EB from MADISON AVE to PARK AVE S https://t.co/2hUSg72pRw,511NY,New York State,0,0,0
12,2022-02-22 20:23:02+00:00,"@NYC_DOT ""Division of Traffic will conduct a study at this location to determine the need and feasibility of installing an LPI. This study will take into consideration traffic and pedestrian volumes, vehicular speeds, accident history, visibility, signal spacing, and other conditions.""",Choresh2,"East Village, Manhattan",0,0,0
13,2022-02-22 16:26:49+00:00,"Want to land a job like ""Design and Construction Services Manager"" at TCB? Applicant tracking systems look for specific keywords. Use the right keywords and get your resume in front of the hiring manager. #Construction #NewYork, NY",tmj_nyc_constru,"New York, NY",0,0,0
14,2022-02-22 10:08:03+00:00,Updated: Construction on #PortJefferson Both directions from Penn Station to Port Jefferson https://t.co/6gj4piyK8r,511NY,New York State,0,0,0
15,2022-02-22 10:03:17+00:00,Updated: Construction on #Systemwide https://t.co/QcQjpdssSh,511NY,New York State,0,0,0
16,2022-02-22 10:03:17+00:00,Updated: Construction on #BabylonAndMontauk EB at Penn Station https://t.co/nHDmzlryon,511NY,New York State,0,0,0
17,2022-02-22 10:03:17+00:00,Updated: Construction on #OysterBay EB from Penn Station to Oyster Bay https://t.co/RrJCg7jXZD,511NY,New York State,0,0,0
18,2022-02-22 10:00:07+00:00,Cleared: Construction on #Systemwide,511NY,New York State,0,0,0
19,2022-02-22 10:00:06+00:00,Cleared: Construction on #BabylonAndMontauk EB at Penn Station,511NY,New York State,0,0,0
20,2022-02-22 10:00:06+00:00,Cleared: Construction on #OysterBay EB from Penn Station to Oyster Bay,511NY,New York State,1,0,0
21,2022-02-22 09:28:51+00:00,"We track how #COVID19 is shutting down economy after economy via real-time traffic data.

Current countries in focus: #Indonesia #Chile #Slovakia #Austria #Peru

#SocialDistancing https://t.co/SqklZz0BAR",ExanteData,"New York, NY",0,0,0
22,2022-02-22 09:08:08+00:00,Updated: Construction on #Ronkonkoma Both directions from Penn Station to Greenport https://t.co/SpmL7nVpqU,511NY,New York State,0,0,0
23,2022-02-22 09:03:11+00:00,Cleared: Construction on #I278 WB from Congress Street to Summit Street,511NY,New York State,0,0,0
24,2022-02-22 09:03:04+00:00,@dwight_shudra Shree Datta Snacks on the expressway,gauravsabnis,"New York, NY",1,2,0
25,2022-02-22 08:56:15+00:00,Good &amp; Bad Drivers: Car Crash Compilation ‚Äì 372 [USA &amp; Canada¬†Only] https://t.co/avmRrGdI8L,724accidents,"New York, US",0,0,0
26,2022-02-22 08:51:27+00:00,Cleared: Construction on #Ronkonkoma Both directions from Penn Station to Greenport,511NY,New York State,0,0,0
27,2022-02-22 08:49:50+00:00,Cleared: Construction on #PortJefferson Both directions from Penn Station to Port Jefferson,511NY,New York State,0,0,0
28,2022-02-22 08:39:52+00:00,Updated: Construction on #B70Bus SB at 37 St/4 Av https://t.co/n58D8PLv3o,511NY,New York State,0,0,0
29,2022-02-22 08:32:30+00:00,Construction of a High-Density Genetic Map Based on Large-Scale Marker Development in  Coix lacryma-jobi  L .  Using Specifific-Locus Amplifified Fragment Sequencing (SLAF-seq)  https://t.co/gSjHpD09oq #bioRxiv,biorxivpreprint,New York,0,0,0
30,2022-02-22 08:27:50+00:00,Updated: Construction on #M7Bus at Av Of The Americas/W 54 St https://t.co/0WhyqmTe2n,511NY,New York State,0,0,0
31,2022-02-22 08:27:49+00:00,Updated: Construction on #M5Bus NB at Av Of The Americas/W 54 St https://t.co/0WhyqmTe2n,511NY,New York State,0,0,0
32,2022-02-22 08:15:30+00:00,Surging Construction Activities Driving Nigerian Diesel Genset¬†Market https://t.co/recPUcsjWg,TheArticleTrunk,"New York, New York",0,0,0
33,2022-02-22 07:52:15+00:00,Good &amp; Bad Drivers: Car Crash Compilation ‚Äì 379 [USA &amp; Canada¬†Only] https://t.co/0NHuCakXsT,724accidents,"New York, US",0,0,0
34,2022-02-22 07:22:01+00:00,Learning Goal: I‚Äôm working on a construction report and need an explanation¬†and https://t.co/EuKYMWlJAW,keenessays,New york City USA,0,0,0
35,2022-02-22 07:16:11+00:00,Cleared: Construction on #Q33Bus SB at 82 St/30 Av,511NY,New York State,0,0,0
36,2022-02-22 06:48:33+00:00,Car Crash Compilation¬†#50 https://t.co/j57ETS8Vwf,724accidents,"New York, US",0,0,0
37,2022-02-22 06:25:35+00:00,@HyeMente @CysticOfficial If you want to stay happy don‚Äôt make it your full time until you see consistent traffic and algorithmic growth that you‚Äôre 100% sure you can capitalize on,acsonemusic,"New York, USA",0,1,0
38,2022-02-22 06:13:58+00:00,Update: Major Deegan Expressway has reopened at East 138th Street in The Bronx. Expect residual delays. Multilingual &amp; ASL Link: https://t.co/HuA8o4rqF7.,NotifyNYC,New York City,0,3,0
39,2022-02-22 06:03:11+00:00,It's logically inconsistent to be pro-green energy and anti-construction. Yet that's where the environmentalist movement seems to have landed in the U.S.  https://t.co/K1Lbqmoous,NRO,New York,3,14,2
40,2022-02-22 06:00:12+00:00,"@chaoticsequence @Gothamist It is not that way anymore. The younger recruits are heavily Latino, Black (many Caribbean, including several fellow parents), and Chinese. Traffic cops are becoming very south Asian and African. It is a very immigrant NYPD I see around me. Whiteshirts are heavily white, but old.",grammarflic,"New York, USA",0,1,0
41,2022-02-22 05:55:22+00:00,"@Sunny_D_1083 @daralebrun @Rivergothic @BudgetBen DummyD, glad you‚Äôre healthy but that isn‚Äôt how proofs work. You haven‚Äôt died in a car crash...so that means you don‚Äôt need seatbelts, you haven‚Äôt died from heroin so it must be safe? You don‚Äôt base a statistic on a population of 1.",theGuyInNewYork,New York City,0,0,0
42,2022-02-22 05:49:54+00:00,@Tochinoshin33 Cool.  Took me a moment to figure out construction...,ShepardWill,"New York, USA",0,0,0
43,2022-02-22 05:49:49+00:00,Vehicle Fire: Southbound Major Deegan Expressway closed at East 138th Street in The Bronx. Consider alt routes. Multilingual &amp; ASL Link: https://t.co/GpdlTK7FPB.,NotifyNYC,New York City,0,3,0
44,2022-02-22 05:47:38+00:00,@bittergertrude It's a car accident.  Just not a collision.,LeMagicalBanana,"New York, NY",0,1,0
45,2022-02-22 05:46:10+00:00,Car Accidents Compilation #FirstAid¬†#Lifesaver https://t.co/8ccbd49Z5O,724accidents,"New York, US",0,0,0
46,2022-02-22 05:45:33+00:00,"yo there's a traffic accident, i have to mention, at the intersection of tenth ave and the jacob javitz convention center. and check it, don‚Äôt get stuck in the rubber-neckin‚Äô, on 192nd, there‚Äôs a double-decker bus wreck",INTHEHElGHTSBOT,nueva york,0,0,0
47,2022-02-22 05:45:00+00:00,Updated: Construction on #M55Bus at W 44 St/6 Av https://t.co/cWfBksiOvv,511NY,New York State,0,0,0
48,2022-02-22 05:42:22+00:00,"This excellent traffic programme is the main difference between success or simply lack of success, option is finally here https://t.co/klLnCKDVH5 https://t.co/LpxPMEZ4xn",TheWealthZone,"New York, NY",0,0,0
49,2022-02-22 05:30:43+00:00,"Closed due to fd activity in #TheBronx:OnTheDeeganExpressway on I-87 (Deegan) SB between 149th St/X4 and 138th St/Grand Concourse/3rd Ave/X3, stopped traffic back to Yankee Stadium/Macombs Dam BR/x5 #traffic https://t.co/cLJ9IKsg5n",TotalTrafficNYC,New York City & New Jersey,0,0,0
50,2022-02-22 05:18:53+00:00,@G94P67 @PoorlyAgedStuff Seems like she‚Äôs just a traffic cop but still disappointing. I like  @dilfosaur interpretation better https://t.co/s2zRHgh1so,bdzbcomics,"New York, NY",0,45,0
51,2022-02-22 05:18:28+00:00,"German Luggage is the Best for Kids

https://t.co/tidvj2W9OZ

It's never too early to start packing for your family vacation. And when it comes to kids' luggage, Germany has some of the best options in Europe. From bright and colorful designs to sturdy construction. https://t.co/fnFUmWlcSO",skyewhitee2,"New York, USA",0,3,0
52,2022-02-22 05:06:50+00:00,#NetworkMarketingBlog Clone this type of effective traffic generation ways to attain boundless sales opportunities to consistently contact with regards to any business opportunity https://t.co/8OI9DJqVZq https://t.co/AGmHBCCOMq,TheWealthZone,"New York, NY",0,0,0
53,2022-02-22 05:04:49+00:00,@DeePhunk Saying any old thing for traffic is at an all-time high,jsmooth995,"New York, NY",0,12,0
54,2022-02-22 04:59:28+00:00,"Zoe Sozo Bethel, Miss Alabama 2021 Dies After Suffering Head Injury in Car Accident - https://t.co/hOFJXmtFcq",Lunchbox33,"Manhattan, NY",0,0,0
55,2022-02-22 04:53:57+00:00,Construction on #QueensMidtownTunnel EB from Manhattan Side to Queens Side https://t.co/PXNOl2Hg9D,511NY,New York State,0,0,0
56,2022-02-22 04:53:00+00:00,Construction on #QueensMidtownTunnel WB from Queens Side to Manhattan Side https://t.co/Skarz8V8MJ,511NY,New York State,0,0,0
57,2022-02-22 04:47:53+00:00,"@GovKathyHochul @NYSERDA @Doreen_M_Harris April 22, 2021

Governor Andrew M. Cuomo today announced that more than 20 large-scale renewable energy infrastructure projects would be under construction across the state this year, including the first utility-scale solar project in Upstate New York.
Thanks, Governor Cuomo.",riverarra1,New York,0,0,0
58,2022-02-22 04:43:10+00:00,Construction on #NLine NB from Jay St - MetroTech to City Hall https://t.co/YLrcCYqxnb,511NY,New York State,0,0,0
59,2022-02-22 04:39:22+00:00,Crazy Car Crash Compilation | Bad Drivers &amp; Driving Fails (Top 33¬†Crashes!) https://t.co/Za67qTdROz,724accidents,"New York, US",0,0,0
60,2022-02-22 04:38:42+00:00,Will you want more website traffic inside your business-at-home   find out about the foregoing alternative https://t.co/7oWamwpzYM https://t.co/5fv57gUvOH,TheWealthZone,"New York, NY",0,1,0
61,2022-02-22 04:33:58+00:00,"@WyattJo75967511 https://t.co/m6VUiUvGqc
Here you go!",JordantheCat11,"New York, USA",1,0,0
62,2022-02-22 04:33:14+00:00,Updated: Construction on #B67Bus at Jay St/Tillary St https://t.co/gH52cJEoSW,511NY,New York State,0,0,0
63,2022-02-22 04:33:14+00:00,Updated: Construction on #RLine NB from Jay St - MetroTech to City Hall https://t.co/1bOe0c2Te8,511NY,New York State,0,0,0
64,2022-02-22 04:30:06+00:00,Construction on #ALine Both directions from 59 St - Columbus Circle to W 4 St - Wash Sq https://t.co/ZG4um8tFXz,511nyACE,New York City,0,0,0
65,2022-02-22 04:30:05+00:00,Construction on #ALine Both directions from 59 St - Columbus Circle to W 4 St - Wash Sq https://t.co/VyXOfudaZ7,511NY,New York State,0,0,0
66,2022-02-22 04:30:04+00:00,Cleared: Construction on #RLine NB from Jay St - MetroTech to City Hall,511NY,New York State,0,0,0
67,2022-02-22 04:28:49+00:00,#Entrepreneurs #HomeBusiness This important terrific website traffic generation tactic will disclose ways to create a prospecting mania by using social websites https://t.co/lZP7yEPtyi https://t.co/aOOLDm0iPO,TheWealthZone,"New York, NY",0,0,0
68,2022-02-22 04:25:50+00:00,"@WyattJo75967511 @TeamAnnualia That‚Äôs right! We need all the help we can get for some of the animatics we‚Äôre making. If you want a sample, I can send it to you",JordantheCat11,"New York, USA",1,1,0
69,2022-02-22 04:22:02+00:00,@saamcactus My Aries in Jupiter prevented me from having a car crash the other day,dulcedeleooo,NJ/NYC ,0,1,0
70,2022-02-22 04:14:29+00:00,#LeadGen #BlogPost New method of getting traffic https://t.co/XPWnHBFgtD https://t.co/jpYa9OuAfp,TheWealthZone,"New York, NY",0,0,0
71,2022-02-22 04:06:22+00:00,"MTA Construction &amp; Development, Urbahn Architects, and Zafra Minhas Construction Complete $1.8M Flood Mitigation Upgrade at 155th Street/Frederick Douglass Boulevard IND Line Subway Station in¬†Manhattan https://t.co/keHMlmCJ5p",RKhodadadian,"New York, NY",0,0,0
72,2022-02-22 04:06:10+00:00,@Weatheronthe8s Weather update and traffic update and also for use of sending navigation routes over the cloud from phone to car :/ it was a payed service as well so I can't believe it's just gonna stop working üòØüò™,TekTheTech,"New York, USA",1,1,0
73,2022-02-22 04:03:05+00:00,Updated: Construction on #CLine Both directions from 59 St - Columbus Circle to W 4 St - Wash Sq https://t.co/tUhmmpGLOF,511nyACE,New York City,0,0,0
74,2022-02-22 04:03:05+00:00,Updated: Construction on #CLine Both directions from 59 St - Columbus Circle to W 4 St - Wash Sq https://t.co/MOAWOMjFH1,511NY,New York State,0,0,0
75,2022-02-22 04:03:04+00:00,Cleared: Construction on #CLine Both directions from 59 St - Columbus Circle to W 4 St - Wash Sq,511nyACE,New York City,0,0,0
76,2022-02-22 04:03:04+00:00,Cleared: Construction on #CLine Both directions from 59 St - Columbus Circle to W 4 St - Wash Sq,511NY,New York State,0,0,0
77,2022-02-22 03:56:46+00:00,"@AnnCoulter Nobody can ever give a good explanation as to why a place becomes a ""Sanctuary City""? Sure, they work cheap in restaurants &amp; construction, but when they have children, what fool thinks those salaries cover those children? Truth is, the taxpayer does. https://t.co/pMK60XWtM1",StoneRicharde1,"Manhattan, NY",0,1,0
78,2022-02-22 03:56:18+00:00,"I'm walking fast through the traffic lights 
Busy streets and busy lives 
And all we know is touch and go 
We are alone with our changing minds‚Ä¶ https://t.co/RbsVifjkJr",haechanNYC,"Manhattan, NY",0,0,0
79,2022-02-22 03:49:43+00:00,@LizzyTishP1230 @LarryJFeller3 @Imposter_Edits @PrincessBravato You must not be black.,EOC212,New York City,0,2,0
80,2022-02-22 03:42:44+00:00,"@POTUS @JoeBiden Nato should provide lethal military equipment, Patriots, F-35s, and do a full embargo of Russian oil and gas, and close all EU commercial air traffic.  If Russia assaults Ukraine, there must be a deathly blow to Russia",AINi78686768,"New York, NY",0,0,0
81,2022-02-22 03:38:14+00:00,"@SenTedCruz Nato should provide lethal military equipment, Patriots, F-35s, and do a full embargo of Russian oil and gas, and close all EU commercial air traffic",AINi78686768,"New York, NY",0,0,0
82,2022-02-22 03:32:02+00:00,"But not even that mommy was the original mommy.

Pretty soon people start thinking Jewish couples are two men one that looks like a woman w/one of their own molested child targeting families to steal their identity, murder them &amp; traffic their children.

What is the case?",xanthus_rotgut,"Manhattan, NY",0,0,0
83,2022-02-22 03:32:01+00:00,@nitelite100 @weswwmvip @nhannahjones Project much! üòÑYou clear people are so pressed and wanting to be opressed... don't worry your time is coming! üòÑüòÑüòÑ,EOC212,New York City,2,1,0
84,2022-02-22 03:31:39+00:00,"@ShahBalen @tikaramyatri Hello Balen jee, I really enjoyed your interview and your thoughts process. Kathmandu's traffic can be further reduced by imposing a school district system just like here in the US, where the locals should send their children to the nearest school.",madansangroula1,"New York, USA",1,0,0
85,2022-02-22 03:31:29+00:00,"BRUTAL CAR CRASHES, FATAL CAR CRASHES 2022, CAR CRASH COMPILATION¬†2022 https://t.co/G7AvCTqyXU",724accidents,"New York, US",0,0,0
86,2022-02-22 03:21:58+00:00,"‚ö†Ô∏èWEATHER ADVISORY‚ö†Ô∏è
NYC may experience severe weather, including wind gusts of up to 45 MPH, starting tomorrow afternoon, Tuesday, 2/22.
DOB is reminding all builders, contractors, crane operators, and property owners to secure their construction sites, buildings, and equipment. https://t.co/mEOy9ngxlN",NYC_Buildings,"New York, NY",0,12,6
87,2022-02-22 03:17:21+00:00,"@ericcsilverman @vasdrimalitis Also this is far from unique to players. I mean look at the police and fire unions,  as well as building and construction",EdJQuigley,New York,0,0,0
88,2022-02-22 03:17:12+00:00,@MonkStorage I have a new construction thread coming very soon that will most recent construction cost and prices.,ChrisRamsey60,"New York, USA",1,4,0
89,2022-02-22 03:05:50+00:00,Bumper to bumper on the Westbound #LIE approaching the Clearview Expressway where a crash past there blocks the right lane #Queens @511NY @1010WINS https://t.co/ba83PZmUeh,WINSTRAFFICNYC,New York,0,0,0
90,2022-02-22 02:58:02+00:00,"In this blog traffic strategy is the difference among financial success or collapse, product is here now https://t.co/hY717D1Z8S https://t.co/Br6LaUya2B",TheWealthZone,"New York, NY",0,0,0
91,2022-02-22 02:53:00+00:00,"Amazing how perceptions of #transit related danger work. Friends &amp; family members celebrated getting my license, when the chance of dying in a car crash is ~ 1/9,000. They also text concerns about me riding the #subway because of violence. Felony rate is &lt;2 per million riders.",BoMcMillan,"New York, NY",0,2,0
92,2022-02-22 02:50:32+00:00,"""The limitless imagination of these genres hit a roadblock when it comes to envisioning other political systems."" #SciFi #Fantasy
https://t.co/JOFz666qGS",EricDirnbach,"New York, NY",2,2,2
93,2022-02-22 02:50:14+00:00,Construction on #RFKTriboroughBridge SB from Bronx Span to Manhattan Tolls https://t.co/j10e5EbmXt,511NY,New York State,1,0,0
94,2022-02-22 02:47:06+00:00,Construction on #6Line NB from Brook Av to Longwood Av https://t.co/oLaGBXcJx5,511ny456,New York CIty,0,0,0
95,2022-02-22 02:47:06+00:00,Construction on #6Line NB from Brook Av to Longwood Av https://t.co/IZ2D0bzfYS,511NY,New York State,0,0,0
96,2022-02-22 02:34:32+00:00,"This unique traffic methodology is the significant difference around a favorable outcome or maybe failing, course is here  https://t.co/h4ONcubqz5",TheWealthZone,"New York, NY",0,0,0
97,2022-02-22 02:34:16+00:00,Fellow #artists! We need YOU to join @TeamAnnualia so we can continue making the magic happen! Email me if you are interested! #TalesofAnnualia https://t.co/W9mfox4OQZ,JordantheCat11,"New York, USA",0,6,3
98,2022-02-22 02:33:20+00:00,@_uniqueb Okay but after living out of New York for about 5 years.. we just visited and the potholes/traffic/construction everywhere is a no from me üòÇ,kranzie_x,New York,2,1,0
99,2022-02-22 02:27:35+00:00,Good &amp; Bad Drivers: Car Crash Compilation ‚Äì 380 [USA &amp; Canada¬†Only] https://t.co/u5tTEBYiqi,724accidents,"New York, US",0,0,0
100,2022-02-22 02:26:52+00:00,Traffic is at a standstill on the Southbound #FDRDrive approaching 79th Street where a stalled car blocks the left lane #Manhattan @511NY @1010WINS https://t.co/oeR8nQVFK9,WINSTRAFFICNYC,New York,0,0,0
101,2022-02-22 02:23:52+00:00,"@MTLegalAF @mspopok @KFAlegal Fl... if a teacher outs a LGBTQ student to a parent and that results in harm at the home, does that make the teacher/school liable?  Like a bartender giving one to many to a person who ends up killing someone in a car crash?  I mean, if violence occurs, isn't there recourse?",ColleenDewine,New York,0,0,0
102,2022-02-22 02:16:00+00:00,"Demonstrators @ChineseNYNYC parade came to protest years of demolition and construction for a new jail tower in Chinatown, to be the tallest jail in the world. Demolition of the Manhattan Detention Complex is imminent. https://t.co/uIB5V1xY7h https://t.co/lumRRH7dzf",TribecaTrib,"New York, NY",0,0,1
103,2022-02-22 02:10:12+00:00,Updated: Construction on #Q33Bus SB at 82 St/30 Av https://t.co/HhGkKz6VJm,511NY,New York State,0,0,0
104,2022-02-22 02:07:01+00:00,"Neither the mayor nor the City Council can set the speed limit, and they can‚Äôt control the traffic cameras that send automated tickets to drivers, two integral ways to reduce traffic crashes on streets across NYC.

Mayor Adams wants to change that. https://t.co/KtyTp73Bi5",WNYC,New York City,0,2,2
105,2022-02-22 02:06:16+00:00,"CLEARED HUDSON VALLEY: Vehicle on fire: SB on I-87 exit 18-exit 17: Right lane blocked: Incident clear, delays may exist.",ThruwayTraffic,New York ,0,0,0
106,2022-02-22 02:05:21+00:00,@StevieVanZandt Super corrupt and despicably disgusting. Tiger Woods barely made it out alive from his last spectacular car crash. This is what he wants to do with his life that was spared? Partner with a traitor who stole state secrets and incited an insurrection.,B52Malmet,"New York, NY",7,162,33
107,2022-02-22 01:57:08+00:00,"@TheView I missed this??? Ah, man! But YES! Guests should honor the host's request not to wear shoes in their home unless they doing construction or work in the house. If you're just visiting, respect the rules. #TheView",ClayBroomes,New York City,0,0,0
108,2022-02-22 01:56:57+00:00,Westbound Q55 buses have resumed making normal stops on Palmetto St after construction on Palmetto St between Irving Ave and Ridgewood Pl was completed. https://t.co/28S5roeopF,NYCTBus,New York City,0,0,0
109,2022-02-22 01:55:00+00:00,"@shadow @christofspieler Smithfield crossing to south Attleboro MBTA would capture a lot of routes and traffic, albeit the land use is meh. More so a crosstown connector",the_transit_guy,"New York, USA",1,0,0
110,2022-02-22 01:52:57+00:00,Eastbound B52 buses have resumed making normal stops on Palmetto St after construction on Palmetto St between Irving Ave and Ridgewood Pl was completed. https://t.co/oiZ3gDImkY,NYCTBus,New York City,0,0,0
111,2022-02-22 01:50:25+00:00,Shaina introduces him as her fianc√©. Shaina's brothers are putting them both through the wringer. This is feeling like hometowns on The Bachelor. They warm to him while discussing construction and dirt biking (lol),AlyssaJennette,"Harlem, NYC",1,1,0
112,2022-02-22 01:46:35+00:00,"üò≠üò≠üò≠ ‚Ä¶ Oh man .. 

Side Note: DW a traffic cop?! LMAO ü§£ https://t.co/Bb7ZZHRaYN",PersonaSpeaks,"New York, NY",1,5,0
113,2022-02-22 01:41:09+00:00,"CLEARED BUFFALO: Injury crash: NB on I-190 exit 21-rte. 384: Right lane blocked: Incident clear, delays may exist.",ThruwayTraffic,New York ,0,0,0
114,2022-02-22 01:34:40+00:00,Or this guy. Blocking traffic because you are a lazy piece of shit isn‚Äôt the move my guy. https://t.co/12Uu0kvpSq,ecape_werd,"New York, NY",0,0,0
115,2022-02-22 01:34:00+00:00,Construction on #I278 WB from Congress Street to Summit Street https://t.co/aWXS93uHvd,511NY,New York State,0,0,0
116,2022-02-22 01:33:48+00:00,"#NetworkMarketingSuccess You are able to deal with any shortage of traffic by utilizing this tested strategy, just about all for nothing on Twitter https://t.co/EzZRMXag3V https://t.co/UqObm0An54",TheWealthZone,"New York, NY",0,0,0
117,2022-02-22 01:29:11+00:00,"Quick Question @TeamYouTube If I have a channel doing well but want to change the custom URL will that affect things?

Will changing my Custom URL affect my channel as far as traffic or my videos being on suggested videos often?",MagGamerInc,"New York, USA",1,0,0
118,2022-02-22 01:25:41+00:00,Good &amp; Bad Drivers: Car Crash Compilation ‚Äì 342 [USA &amp; Canada¬†Only] https://t.co/bMhZblBRXM,724accidents,"New York, US",0,0,0
119,2022-02-22 01:25:04+00:00,"Stephen Marley ft. Damien Marley - The Traffic Jam
listen live https://t.co/oszd4AXeqx",reallifespill,"New York, NY",0,0,0
120,2022-02-22 01:17:59+00:00,"#SuccessOnline Extremely fast growth of your email audience begins with generating traffic, view the video right here https://t.co/fGgbFMnGOc https://t.co/0A1ki27u7q",TheWealthZone,"New York, NY",0,0,0
121,2022-02-22 01:09:59+00:00,Construction on #Q33Bus SB at 82 St/30 Av https://t.co/HhGkKz6VJm,511NY,New York State,0,0,0
122,2022-02-22 01:08:49+00:00,HUDSON VALLEY: Vehicle on fire: SB on I-87 exit 18-exit 17: Right lane blocked,ThruwayTraffic,New York ,0,2,1
123,2022-02-22 01:03:37+00:00,"Signing nothing..Capt is saving lives, he isn't obstructing traffic for no reason #911LoneStar",JJSea,New York ,0,1,0
124,2022-02-22 01:02:17+00:00,SIM8 SIM8X SIM22 SIM23 SIM24 SIM25 and SIM26 buses are getting back on schedule after traffic congestion cleared in the Lincoln Tunnel. https://t.co/LVKcXhNjFr,NYCTBus,New York City,0,1,1
125,2022-02-22 01:00:13+00:00,@gildedbat This is like watching a car crash from the inside.,marijana929,"New York, New York",0,0,0
126,2022-02-22 00:56:52+00:00,"Is It Possible to Have Too Much Web Traffic?.
  https://t.co/rDQ4B3WVcP https://t.co/DdNKbapq8G",AaronMarcelineo,"New York, USA",0,0,0
127,2022-02-22 00:55:51+00:00,@Tanjirosbabymom A traffic cop? The worst,theycallmechckb,"New York, NY",0,0,0
128,2022-02-22 00:55:12+00:00,"In #NassauCounty, the #LongIslandExpressway is at the speed limit in both directions between Cross Island Parkway and Route 110. Here's the scene at New Hyde Park Road. @1010WINS @511nyLongIsland https://t.co/UH94ehfBpg",WINSTRAFFICNYC,New York,0,0,0
129,2022-02-22 00:54:42+00:00,BUFFALO: Injury crash: NB on I-190 exit 21-rte. 384: Right lane blocked,ThruwayTraffic,New York ,0,2,1
130,2022-02-22 00:53:46+00:00,"In #Queens, southbound #CrossIslandParkway has slow traffic from Grand Central Parkway to Hempstead Turnpike. @1010WINS @NYC_DOT https://t.co/XcUXeWwnf5",WINSTRAFFICNYC,New York,0,0,0
131,2022-02-22 00:48:12+00:00,"@dglennon20 @StevieC22534754 @elonmusk It‚Äôs not nothing. FSD Beta is 1 part of the FSD software package. You also get

 ‚Ä¢Navigate on Autopilot
‚Ä¢Auto Lane Change
‚Ä¢Autopark
‚Ä¢Summon
‚Ä¢Full Self-Driving Computer
‚Ä¢Traffic Light and Stop Sign Control",jchybow,"New York, USA",2,2,0
132,2022-02-22 00:47:02+00:00,The outbound #GeorgeWashingtonBridge is now a quick drive from the #CrossBronxExpressway approach. Inbound is at 20-25 minutes for the upper and lower levels. @1010WINS @PANYNJ_GWB https://t.co/n02ZCGwrT7,WINSTRAFFICNYC,New York,0,0,0
133,2022-02-22 00:43:41+00:00,Watching Shake and Deeps is like watching a slow moving car crash #loveisblind2,SisterofGibbs,New York,1,2,0
134,2022-02-22 00:40:14+00:00,"@lesllake @ericadamsfornyc @NYCSanitation sorry you‚Äôre stuck but As a year round biker, I find it ironic that the car in front of you (stuck in traffic) has a plate that says B1CYCLES",jameshorowitzmd,New York City,1,2,0
135,2022-02-22 00:36:55+00:00,"CLEARED HUDSON VALLEY: Slow traffic: SB on I-87 exit 18-exit 16: Stop and go traffic.: Incident clear, traffic normal.",ThruwayTraffic,New York ,0,2,1
136,2022-02-22 00:36:41+00:00,"@SourPatchB If they made this the eye test at the DMV, there would be no traffic ever again. Everyone would‚Äôve failed",blackkev726,"New York, USA",1,2,0
137,2022-02-22 00:36:32+00:00,"CLEARED HUDSON VALLEY: Slow traffic: NB on I-87 exit 16-exit 17: Stop and go traffic: Incident clear, traffic normal.",ThruwayTraffic,New York ,0,3,1
138,2022-02-22 00:34:31+00:00,Come on ‚Å¶@ericadamsfornyc‚Å© ‚Å¶@NYCSanitation‚Å© why do you allow garbage pick up at 7:30 at night blocking streets. Midnight to 5 am will alleviate traffic issues #commonsense https://t.co/W8rK4mavnb,lesllake,"New York, NY",1,4,1
139,2022-02-22 00:30:50+00:00,"The call sheet is Hollywood in capsule form: obsessed with rank and pecking order, bluntly open about power dynamics, but at base just one big construction site.

Read more from @rcbl: https://t.co/8uzWNggS4t

#CallSheet #Hollywood #IATSE",Commentary,"New York, NY",0,1,2
140,2022-02-22 00:26:29+00:00,"UPDATE HUDSON VALLEY: VEHICLE ON FIRE: NB ON I-87 EXIT 16-EXIT 17: ALL LANES CLEAR, DELAYS EXIST.",ThruwayTraffic,New York ,0,3,1
141,2022-02-22 00:25:39+00:00,UPDATE HUDSON VALLEY: Slow traffic: SB on I-87 exit 18-exit 16: Stop and go traffic.,ThruwayTraffic,New York ,0,2,1
142,2022-02-22 00:23:01+00:00,#Advertising #OnlineSales Imitate these prestigious traffic building solutions to gain unrestricted visitors to impatiently contact concerning any business-at-home https://t.co/o3O6FdUvDW https://t.co/rDvf34N2k1,TheWealthZone,"New York, NY",0,0,0
143,2022-02-22 00:21:14+00:00,Car Crash Compilation 2021¬†#56 https://t.co/jC9MpwFyFy,724accidents,"New York, US",0,0,0
144,2022-02-22 00:18:12+00:00,Question- why don‚Äôt police have to tell you the reason they pulled you over in a traffic stop? How did that pass all across the US in the state legislatures? If we have to give ID- why don‚Äôt they have to tell you what they stopped you?,justagirlx10,"New York, USA",1,0,0
145,2022-02-22 00:17:00+00:00,"Ex-cop Kim Potter ‚Äî who killed Daunte Wright at a traffic stop ‚Äî will only receive two years in prison after she was convicted of manslaughter last year. The judge in the case said she made a ‚Äútragic mistake‚Äù when she shot Wright, a 20-year-old Black man. https://t.co/8jZNGp4B9L",democracynow,New York,47,120,44
146,2022-02-22 00:14:00+00:00,"Builders could be unintentionally bringing toxic metals home: https://t.co/u79Sql8DuP 

#constructionworker #Construction @BUSPH #ScienceNews #environmental #Research https://t.co/VY6t9u3rtM",talker_news,"New York, NY",0,0,1
147,2022-02-22 00:13:16+00:00,"@NYPDnews He began construction on the Panama canal prior to authorization and funding from Congress.  When asked why he replied ""well they have their schedule and I have mine.""",chrisrlynn,NYC ,0,1,0
148,2022-02-22 00:08:32+00:00,#MLMsponsoring #Webinar #BloggingTips Your organization will perish without regular targeted traffic ; https://t.co/lZP7yEPtyi  #EmailMarketing https://t.co/gDORt0NeYh,TheWealthZone,"New York, NY",0,0,0
149,2022-02-22 00:07:32+00:00,Outside of an accident or construction‚Ä¶how does traffic exist? Just drive,yung_socrate,"New York, New york",0,14,2
150,2022-02-22 00:04:07+00:00,"CLEARED HUDSON VALLEY: Vehicle on fire: NB on I-87 exit 16-exit 17: Incident clear, delays may exist.",ThruwayTraffic,New York ,0,3,1
151,2022-02-22 00:02:39+00:00,"the idea is hiring single people who'd live on the build site during construction and then afterward drain the blood cut em up blend em up flush em smash up the bones and put em in the river

back to the river for those blessed assholes

shoot the rest with a promise of payment.",xonMbon,Ground Zero,0,0,0
152,2022-02-22 00:00:15+00:00,@JenKatWrites WHY. DO WE KNOW CONSTRUCTION NOW???,ROCYarnSiren,"New York, USA",1,0,0
153,2022-02-21 23:59:45+00:00,The trip to New Jersey by way of the #HollandTunnel clocks in at 15-20 minutes. Inbound is at 25-30 minutes. The Lincoln Tunnel is at 15 minutes inbound and 10 outbound. @1010WINS @PANYNJ_HT https://t.co/6GBwibHg9k,WINSTRAFFICNYC,New York,0,0,0
154,2022-02-21 23:55:56+00:00,HUDSON VALLEY: Slow traffic: NB on I-87 exit 16-exit 17: Stop and go traffic,ThruwayTraffic,New York ,0,0,0
155,2022-02-21 23:55:40+00:00,@0x_eLCrypto @RaoulGMI Remember their papers are more about siphoning traffic and nothing more tangible! All he says is that you desire to hear it!üòèüòèüòè,goddess_cz,"New York, USA",1,1,0
156,2022-02-21 23:55:34+00:00,The inbound #GowanusExpressway/eastbound #BQE is snarled from Prospect Expressway to Atlantic Avenue. The westbound side is tied up from Flushing Avenue to Atlantic Avenue. @1010WINS @NYC_DOT https://t.co/0CvLauGR6S,WINSTRAFFICNYC,New York,0,0,0
157,2022-02-21 23:53:59+00:00,Trouble receiving verification email when signing up with Trump‚Äôs new #TruthSocial ?  Could Google be throttling or outright blocking email traffic from the Truth server? ü§î https://t.co/nSQWmPDasG,1Salty_Patriot,"New York, NY",2,0,0
158,2022-02-21 23:52:23+00:00,It's going to get a lot tougher to drive across Paris as through-traffic will be banned in the city's core by 2024 https://t.co/Isxq59vNK0 https://t.co/CyZHQgqnFm,CityLab,"New York, NY",4,73,18
159,2022-02-21 23:50:18+00:00,This boy said the word help is foreign to you huh. I said yes. Why am I helping you with my gift. Go my in traffic,justshelsea,"Manhattan, NY",0,1,0
160,2022-02-21 23:47:12+00:00,HUDSON VALLEY: Slow traffic: SB on I-87 exit 18-exit 16: Stop and go traffic,ThruwayTraffic,New York ,0,1,0
161,2022-02-21 23:46:58+00:00,"the most important bit is that i wouldn't tell a single person about it and have the entire construction crew killed by poisoning the drinks at the post build party

then cameras and motion detectors around the perimeter of thick forest &amp; the railroad and stock up on guns",xonMbon,Ground Zero,1,0,0
162,2022-02-21 23:44:06+00:00,Portfolio Construction Matters by CFM -&gt; https://t.co/4gpRQvU9jM,LarsKestner,New York,0,0,0
163,2022-02-21 23:44:01+00:00,"NYT doesn‚Äôt want people playing OG Wordle that they had downloaded or still open in a tab, they want the site traffic and data points they get when someone opens their site to play Wordle. So they made it impossible to play the OG version.",auty_tay,"New York, NY",1,0,0
164,2022-02-21 23:43:00+00:00,@TBeaucoupe @RossKneeDeep And as a police officer in NY probable cause does not mean that you are required by law to tell the person for the stop. It simply means you need to have witnessed a traffic infraction so let‚Äôs stick to laws that require you to tell the offender why you stopped them.,RWK1966,"New York, USA",1,0,0
165,2022-02-21 23:40:53+00:00,So Assholes Can Argue a Traffic Stop ?? #Comply https://t.co/FYB7gMB7ri,NYfiredude1965,11101,0,1,0
166,2022-02-21 23:39:58+00:00,Exclusive: a forthcoming bill from @ChrisMarteNYC would bar grocery apps from advertising 15 minute delivery times. He says they incentivize delivery workers to break traffic laws and put themselves and pedestrians in danger. https://t.co/29SqQBmqEB via @nypost,theo_wayt,NYC,6,61,11
167,2022-02-21 23:36:26+00:00,Traffic Bots https://t.co/EW8F4IZP3T,Alexa51654429,"New York, USA",0,0,0
168,2022-02-21 23:35:29+00:00,@gohomejasmin Traffic?,nomercychris_,"New York, NY",1,1,0
169,2022-02-21 23:33:09+00:00,Spiritual Mist. This is a shot from my first construction site climb ever. I met this man near the top of the site &amp; after chatting went to shoot some scenes with him. This is one of my favorite moments captured. His name was Justin &amp; his free spirit always stuck with me https://t.co/UEngBc58xW,Light_Feet,"New York, NY",4,42,1
170,2022-02-21 23:29:56+00:00,"@bikeloveny Thank you. This made me so angry! Even if the trucks were making crucial deliveries, the cars clearly weren't. And as men went in and out of the trucks they blocked all but one lane on Broadway. Then the construction manager says to me: So what?",JuliaManhattan,New York City,0,1,0
171,2022-02-21 23:29:19+00:00,"#NYCDOT #NYCASP Alternate Side of the Street Parking Rules are back in effect for tomorrow (Tuesday, February 22nd) citywide. @NYC_DOT @1010WINS https://t.co/dj4hIZuNim",WINSTRAFFICNYC,New York,0,0,0
172,2022-02-21 23:28:00+00:00,HUDSON VALLEY: Vehicle on fire: NB on I-87 exit 16-exit 17: Right lane blocked,ThruwayTraffic,New York ,0,3,1
173,2022-02-21 23:20:11+00:00,"Road Rage USA, Driving Fails &amp; Bad Drivers Compilation 2021 (Car Crashes!)¬†#83 https://t.co/yVS2me4qbe",724accidents,"New York, US",0,0,0
174,2022-02-21 23:15:20+00:00,"@LindseyGrahamSC The tag team of Trump &amp; Putin is 100% evident and their effort to work in concert to destroy America's political system is in full affect. What's next, hackers going after air traffic control systems and shutting down the country? We're at war and an ex US President is our enemy. https://t.co/HTKj90qKh7",Bosstowne59,New York City,0,0,0
175,2022-02-21 23:13:01+00:00,"@SoBendito Makes sense, but is this just a problem with public projects? No doubt private sector does things cheaper but I feel like it‚Äôs shoddy construction all around",colinreads,New York,1,0,0
176,2022-02-21 23:10:06+00:00,7 Easy But Powerful SEO Tips to Boost Traffic to Your Website [Free Webinar on February 24] https://t.co/KYvhPchve9 https://t.co/W136UhRj8r,coolholic5,"New York, USA",0,0,0
177,2022-02-21 23:07:21+00:00,Nah I‚Äôm crying. She said they will sh**t you in traffic,Tash_NoChill,New York City ,0,0,0
178,2022-02-21 23:03:02+00:00,"@brooklyn_gohard oh i know, he needs to go be the face of IMPACT. Instead he is stuck in Canada working construction.",RealistSpeaking,New York,0,0,0
179,2022-02-21 22:59:08+00:00,"@w42st @StreetsblogNYC @Chekpeds @ebottcher It's scary to see how often cars pull into the bike lane to pass a few blocks North, when traffic gets backed up for the tunnel. Very dangerous.",ThatGuy3002,New New York,0,0,0
180,2022-02-21 22:58:50+00:00,"reached out to a university IT department because the project i work on is blocked on their network, and a student needs it for their research. their explanation is that the student must have been using the guest network, which... blocks HTTPS traffic?",__c00p,"New York, USA",0,0,0
181,2022-02-21 22:56:01+00:00,@AmazonHelp Do you really? This has nothing to do about your website. This has to do with your drivers continually endangering NYC cyclist lives by parking in bike lanes sending cycling into oncoming traffic. Do better.,goaliegirl44,"New York, NY",1,1,0
182,2022-02-21 22:55:48+00:00,Our Construction Loans provide builders and investors the financing they need for ground-up construction and land acquisition https://t.co/HGrhaFF7lA Building 1-5 properties at a time #NationalPrivateLending #Chicago #Miami #NewYork #LosAngeles #Houston #Atlanta #nationwide #Wa‚Ä¶ https://t.co/geA843DqQp,WallStreetShark,"Manhattan, NY",0,0,0
183,2022-02-21 22:50:43+00:00,"Stall cleared in #AreaOfHudsonRiverCrossingsLincolnNy on The Lincoln  Tunnel/I-495 WB between The Tube/NY Side and The Tube/NJ Side, stopped traffic back to 35th St/36th St #traffic https://t.co/cLJ9IKsg5n",TotalTrafficNYC,New York City & New Jersey,0,0,0
184,2022-02-21 22:48:32+00:00,"Traffic is heavy but moving on #GrandCentralParkway heading to and from the #RFKBridge. The bridge is moving well into Queens, the Bronx, and Manhattan, with lighter than normal traffic on this Presidents' Day. @1010WINS @MTA https://t.co/BohCNCUPPI",WINSTRAFFICNYC,New York,0,0,0
185,2022-02-21 22:48:21+00:00,"@TheDanaWeiss @atensnut The most likely case is that they have around 1,000,000 people (not exaggerating) attempting to create an account and join in the course of 12 hours‚Ä¶ no server can handle that kind of traffic in early development stages. Rent free‚Ä¶",americafirst024,"New York, USA",1,0,0
186,2022-02-21 22:45:43+00:00,"Closed due to stall in #AreaOfHudsonRiverCrossingsLincolnNy on The Lincoln  Tunnel/I-495 WB between The Tube/NY Side and The Tube/NJ Side, stopped traffic back to 35th St/36th St #traffic https://t.co/cLJ9IKsg5n",TotalTrafficNYC,New York City & New Jersey,0,0,0
187,2022-02-21 22:45:18+00:00,What a construction warrior!! On point glowing üî•üî•üî• https://t.co/C9fUEbGtoQ,eddimofficial,"New York, USA",0,1,0
188,2022-02-21 22:44:45+00:00,"In #FairfieldCounty, southbound 95 is jammed into Exit 17 in #Norwalk where a car broke down in the left lane. @1010WINS @CTDOT_District3 https://t.co/tevk91PKVV",WINSTRAFFICNYC,New York,0,0,0
189,2022-02-21 22:44:14+00:00,@NoCongestionTax They do it in traffic too,Devorakhay,"New York, NY",0,0,0
190,2022-02-21 22:44:10+00:00,"@nypost Delivery bicycles are a danger to NYC pedestrians. They speed on sidewalks and their riders ignore all traffic signs, including traffic lights;.",KillNoAnimals,"New York, NY",2,2,0
191,2022-02-21 22:41:01+00:00,I don‚Äôt do well in stand still traffic in the Lincoln tunnel. üò¨,BrandonLondonTV,"New York, NY",2,9,1
192,2022-02-21 22:37:45+00:00,@FPWellman Hell hath no fury like a NY‚Äôr stuck in Manhattan traffic. I dare them.,tc__todd,"New York, USA",1,9,1
193,2022-02-21 22:37:18+00:00,"@transitapp Here‚Äôs more info than you wanted:

1) The LAX City Bus Center has moved from the old location on 96th St (red) to the new location (yellow) due to construction, as seen here. The blue road may be completed. https://t.co/aKaC8C9XkI",richmintz,"Rose Hill, Manhattan",1,0,0
194,2022-02-21 22:37:01+00:00,"‚ÄúMBK helps me to help someone if they are feeling down. I would like to work in the construction field in the future.‚Äù -Isiah Grade 7, Edenwald School, Mount Pleasant Cottage School UFSD #MyHistoryMyFuture #NYSMBK #BlackHistoryMonth @NYSEDNews  @NYSMBK https://t.co/U3zZdeBw8S",EdTrustNY,New York,0,1,0
195,2022-02-21 22:34:10+00:00,"In #NassauCounty, the southbound #SeafordOysterBayExpressway has all lanes closed at Sunrise Highway with a serious accident. @1010WINS @511nyLongIsland https://t.co/XoOAsjL9jS",WINSTRAFFICNYC,New York,0,0,0
196,2022-02-21 22:33:48+00:00,"I saw a construction company truck that said ""Shawn Tripp"" and I can't help imagining an evil twin/bizarro world @supershayne doing construction in upstate NY ü§£ü§£ü§Ø",CaityCatasaurus,"New York, USA",0,0,0
197,2022-02-21 22:31:14+00:00,"Open borders means more overcrowding in the US, more traffic, more congestion, more housing, more urban sprawl, more ecological pollution, more people fighting for whatever scraps are left. The wealthy liberal elites will not be immune from this. It will find you.",ElroyLowrider,New York City,0,0,0
198,2022-02-21 22:22:15+00:00,"SIM8, SIM8X, SIM22, SIM23, SIM24, SIM25 and SIM26 buses are running with delays due to heavy traffic in the Lincoln Tunnel.",NYCTBus,New York City,1,1,1
199,2022-02-21 22:21:40+00:00,Updated: Construction on #B38Bus EB at Kossuth Pl/Bushwick Av https://t.co/v89mmphdxZ,511NY,New York State,0,0,0
200,2022-02-21 22:18:41+00:00,Good &amp; Bad Drivers: Car Crash Compilation ‚Äì 313 [USA &amp; Canada¬†Only] https://t.co/4GwiZZbRJo,724accidents,"New York, US",0,0,0
201,2022-02-21 22:15:08+00:00,"There is an important question you should be asking on #EmployeeEngagement surveys: What is your biggest roadblock? If you can help employees clear the biggest obstacle in their way, their engagement and productivity should skyrocket. https://t.co/aC9wIy9oab https://t.co/Fsp9Po4VdE",InsperityP,New York ,0,0,0
202,2022-02-21 22:07:49+00:00,"Is It Possible to Have Too Much Web Traffic?.
  https://t.co/rDQ4B3WVcP https://t.co/29RLlPJccL",AaronMarcelineo,"New York, USA",0,0,0
203,2022-02-21 22:06:17+00:00,"And this traffic light coalition in Germany is absolutely pathetic too!!!

Just astronomically weak and inefficient!!!",Jay_McGill94,"Manhattan, NY",0,2,1
204,2022-02-21 22:01:47+00:00,Learning Goal: I‚Äôm working on a construction project and need guidance to help¬†m https://t.co/gu79YA2Qjl,keenessays,New york City USA,0,0,0
205,2022-02-21 22:01:07+00:00,"@RossKneeDeep Why oh why don't the unwise get this: Cops want you to resist, then they can use any force under the Sun. Outsmart them and call their bluff by giving them the info, then you've deprived them of their trump card-force. Given, traffic stops are racially motivated. Who disagrees? https://t.co/0rB4lQ4IuW",StoneRicharde1,"Manhattan, NY",0,0,0
206,2022-02-21 22:00:23+00:00,"@strokehaver @ErnestBorgTen @mazbrakin @sssabriiiinaaa No one is arguing for less energy-efficient construction, just about making cement less carbon intensive.  Electrification (hydrogen?) instead of coal-fired blast furnaces, messing with clinker, etc.  And making it more expensive would reduce waste.",robpennoyer,New York,0,0,0
207,2022-02-21 21:59:10+00:00,#MakeMoneyOnline #ResidualIncome Clone all these ultra powerful generating traffic strategies to grab boundless possible customers to earnestly reach out to regarding the network marketing business https://t.co/LCeKisH6YS https://t.co/YhUfrPlpMX,TheWealthZone,"New York, NY",0,0,0
208,2022-02-21 21:58:05+00:00,"While the ultimate goal for any #ecommerce business is to increase their #website #traffic, it appears to be a little more complicated than that. Read more here #printondemand #scalewithGotoen #fulfillment #supplychain #onlineshopping #optimization #seo https://t.co/GjZm6f8nlk",gooten,"New York, NY, USA",1,1,1
209,2022-02-21 21:50:30+00:00,"In #Manhattan, northbound #HenryHudsonParkway has delays from 72nd Street to 96th Street with a minor accident in one lane. @1010WINS @NYC_DOT https://t.co/NSpAUTwahF",WINSTRAFFICNYC,New York,0,0,0
210,2022-02-21 21:46:20+00:00,"The #BrooklynBridge is heavy into Brooklyn but moves well into Manhattan. The #WilliamburgBridge into Manhattan is snarled exiting for Delancey Street, but Brooklyn-bound looks good. The Manhattan Bridge is quiet both ways. @1010WINS @NYC_DOT https://t.co/ZeRgMqkmVo",WINSTRAFFICNYC,New York,0,1,0
211,2022-02-21 21:43:01+00:00,@ICannot_Enough @elonmusk Every time I hear people in LA complain about traffic I ask them to visit NYC metro area! ü§£,sspencer_smb,nyc,0,1,0
212,2022-02-21 21:41:11+00:00,Should You Boost A Facebook Post Or Run A Facebook Ad? To reach more prospects and customers with your marketing messages you can get pay-per-click (PPC) traffic at an affordable rate from Facebook. #facebook #marketing https://t.co/wSN2vxQ1Uc https://t.co/zITWKl1fWa,GMediaLabs,"New York, NY",0,0,2
213,2022-02-21 21:39:59+00:00,"In #Queens, the westbound #LongIslandExpressway has a disabled vehicle in the right lane near Junction Boulevard. @1010WINS @NYC_DOT https://t.co/HHGIr93qfs",WINSTRAFFICNYC,New York,0,0,0
214,2022-02-21 21:36:27+00:00,"Eastbound B52 buses will not make the stops on Palmetto St due to construction on Palmetto St between Irving Ave and Ridgewood Pl.
The last stop will be Gates Ave/Knickerbocker Ave.",NYCTBus,New York City,1,0,0
215,2022-02-21 21:32:52+00:00,Here's this evening's train and traffic update. Have a wonderful night! https://t.co/ZbCUT43LgT https://t.co/AHtbE5Y52r #NYC #citylife,ACofRL,"New York, NY",0,0,0
216,2022-02-21 21:28:54+00:00,"@REparded Omg I love sticky‚Äôs. But I think canes wants to expand into high traffic destinations like Times Square and the such. Not sure when they‚Äôre opening, but that‚Äôs what they said in a press conference last year.",Elliofox,"New York, NY",0,0,0
217,2022-02-21 21:24:00+00:00,@MuellerSheWrote @CNN Firewalls. Block everything from IP traffic to homing pigeons.,TommyNePas,New York City,1,22,0
218,2022-02-21 21:23:58+00:00,#MLMblog Many of the prospects basically really like me since My wife and i showed them all our website traffic strategy https://t.co/mJxIeCtT4s https://t.co/AkZUsoEPqW,TheWealthZone,"New York, NY",0,0,0
219,2022-02-21 21:23:35+00:00,"Westbound Q55 buses are detoured because of construction on Palmetto St between Irving Ave and Ridgewood Pl.
Buses are operating along Putnam Ave between Myrtle Ave and Ridgewood Pl before resuming their regular route on Palmetto St.",NYCTBus,New York City,1,0,0
220,2022-02-21 21:20:05+00:00,Cleared: Construction on #WilliamsburgBridge EB at Center Span,511NY,New York State,0,0,0
221,2022-02-21 21:20:05+00:00,Cleared: Construction on #QueensboroBridge WB at Center Span,511NY,New York State,1,0,0
222,2022-02-21 21:19:51+00:00,"We only sell in the usa and canada yet get a ton of traffic from Clonee, Ireland. Are these bots?",benschreiber_,New York City,4,1,0
223,2022-02-21 21:18:21+00:00,"If you have been in a serious car accident in New York City, you can be left wondering ‚ÄúWhat‚Äôs next?‚Äù. The NYC auto accident attorneys of Hach &amp; Rose, LLP are here to help.

https://t.co/C87Ljl4D5t",hachroselaw,"New York, NY",0,0,0
224,2022-02-21 21:17:22+00:00,Dashcam Russia 2021- Car Crash Compilation 202 ‚Äì Russian Car Crash-Russian Road Rage 2021 #37¬†[SUB] https://t.co/ukGrc4y5rp,724accidents,"New York, US",0,0,0
225,2022-02-21 21:14:42+00:00,"@mitchpberg @RapeMatters @wihorne @citizenstewart I live in the NYC region. Gotta tell you, it's pretty damn safe here. I've never seen even a minor crime other than traffic.  The last murder in our town was decades ago.   Most of the weekly police report is petty theft &amp; DUI.  No need at all to carry around a gun.",dtf1947,New York,1,0,0
226,2022-02-21 21:13:22+00:00,shout out to the holiday traffic,_FatKellyPrice,"New York, NY",0,0,0
227,2022-02-21 21:13:09+00:00,Updated: Construction on #M55Bus at W 44 St/6 Av https://t.co/cWfBksjml3,511NY,New York State,0,0,0
228,2022-02-21 21:10:39+00:00,Getting in a non major car accident sucks but getting in one in the middle of a busy street in nyc has to be a special level of hell,ARavindranJr,nyc,1,0,0
229,2022-02-21 21:00:09+00:00,Cleared: Construction on #M35Bus EB from E 124 St/3 Av to E 124 St/2 Av,511NY,New York State,0,0,0
230,2022-02-21 21:00:09+00:00,Cleared: Construction on #Bxm1Bus NB at 3rd Avenue &amp; East 125th Street,511NY,New York State,0,0,0
231,2022-02-21 21:00:09+00:00,Cleared: Construction on #M66Bus WB from E 67 St/2 Av to E 67 St/3 Av,511NY,New York State,0,0,0
232,2022-02-21 21:00:01+00:00,"After the pandemic shuttered construction on the late architect's project in the spring of 2020, the 805-foot tall luxury apartment tower by @JAHNArch¬†is now on track for completion by 2024. https://t.co/CGoj8OURh7 Rendering courtesy JAHN",ArchRecord,New York City,1,4,0
233,2022-02-21 21:00:00+00:00,"‚ÄúMBK helps me to help someone if they are feeling down. I would like to work in the construction field in the future.‚Äù -Isiah Grade 7, Edenwald School, Mount Pleasant Cottage School UFSD #MyHistoryMyFuture #NYSMBK #BlackHistoryMonth @NYSEDNews @EdTrustNY https://t.co/Hoi7cwKmg0",NYSMBK,"New York, USA",0,6,2
234,2022-02-21 20:56:38+00:00,#HomeBusiness #Success Should you go here I am going to demonstrate a teaching video clip I've built to forever resolve your own difficulties regarding targeted traffic https://t.co/lZP7yEPtyi https://t.co/RyWDyzCBqO,TheWealthZone,"New York, NY",0,0,0
235,2022-02-21 20:55:43+00:00,Which lead me to this next idea of brands dressing normal stylish people to walk around high traffic streets in major cities in new lewks because I get stopped fairly often and I swear to you all...I do not try. I'm not in the latest. And yet üëÄ,juliachesky,"New York, New York",1,5,0
236,2022-02-21 20:45:43+00:00,"Stall cleared in #AreaOfHudsonRiverCrossingsLincolnNy on The Lincoln  Tunnel/I-495 WB at The Tube/NY Side, stopped traffic back to 34th St #traffic https://t.co/cLJ9IKsg5n",TotalTrafficNYC,New York City & New Jersey,0,0,0
237,2022-02-21 20:44:03+00:00,Cleared: Construction on #Q18Bus at 51 St/31 Av,511NY,New York State,1,0,0
238,2022-02-21 20:40:43+00:00,"Disabled vehicle, left lane blocked in #AreaOfHudsonRiverCrossingsLincolnNy on The Lincoln  Tunnel/I-495 WB at The Tube/NY Side, stopped traffic back to 34th St #traffic https://t.co/cLJ9IKsg5n",TotalTrafficNYC,New York City & New Jersey,0,0,0
239,2022-02-21 20:36:30+00:00,"In #NassauCounty, westbound #SouthernStateParkway has an accident the right lane near Wantagh Parkway. @1010WINS @511nyLongIsland https://t.co/xu0VTYlHX3",WINSTRAFFICNYC,New York,0,0,0
240,2022-02-21 20:34:59+00:00,Updated: Construction on #B70Bus SB at 37 St/4 Av https://t.co/n58D8PLv3o,511NY,New York State,0,0,0
241,2022-02-21 20:34:58+00:00,Updated: Construction on #B62Bus SB at Jay St/Tillary St https://t.co/gH52cJEoSW,511NY,New York State,0,0,0
242,2022-02-21 20:33:58+00:00,I cant believe it has been three years since my car accident happened Im glad I was able to make it a few injuries but it made realized you cant take life for granted. https://t.co/doFCGEocEo,emelyrubit08,"New Jersey, USA",1,4,0
243,2022-02-21 20:29:12+00:00,Construction on #Q18Bus at 51 St/31 Av https://t.co/MZnwKZqvZW,511NY,New York State,0,0,0
244,2022-02-21 20:28:19+00:00,US Trucker Convoy to ‚ÄòShut Down‚Äô Traffic on Major Roads Outside Washington: Organizer https://t.co/KzocPqOOWt via @epochtimes,adirondackmoose,"New York, USA",0,2,0
245,2022-02-21 20:27:33+00:00,"This traffic solution is the differentiation between achievement or lack of success, option is finally here https://t.co/o3uxihKxsM",TheWealthZone,"New York, NY",0,0,0
246,2022-02-21 20:25:25+00:00,"@TheShondeh @fxdvm @zei_squirrel Sitting in traffic for 3 hours a days is ""productive"" if you think about it. It gives you time to reflect on life and work https://t.co/u8pnDzmasZ",fresh72_,"New York, NY",0,3,2
247,2022-02-21 20:24:56+00:00,Updated: Construction on #M7Bus at Av Of The Americas/W 54 St https://t.co/0WhyqmTe2n,511NY,New York State,0,0,0
248,2022-02-21 20:24:56+00:00,Updated: Construction on #M5Bus NB at Av Of The Americas/W 54 St https://t.co/0WhyqmTe2n,511NY,New York State,0,0,0
249,2022-02-21 20:23:07+00:00,"Restocked on all my original #ogrerxsuperstar merchandise  ,now just waiting for the new drip ,plus my toy is still under construction but coming soon.",Rxsuperstar,New York City,0,0,0
250,2022-02-21 20:17:13+00:00,Cleared: Construction on #SANDSST EB from SANDS ST to GOLD ST,511NY,New York State,0,0,0
251,2022-02-21 20:17:13+00:00,Cleared: Construction on #SANDSST WB from GOLD ST to JAY ST,511NY,New York State,0,0,0
252,2022-02-21 20:16:50+00:00,dashcam russia 2022 / russian dash cam / best dash cam / car crash compilation russia / car¬†crashes https://t.co/pskZvnnW5n,724accidents,"New York, US",0,0,0
253,2022-02-21 20:15:02+00:00,"This Thursday, join us for the Future of Construction in NY Summit sponsored by @Amtrak, @communityp, @IchorStrategies, @NYC_SCA, @stroock &amp; @GrnStone!

Register for free here: https://t.co/GXYeV35vOr https://t.co/RE5PpaKKDk",CSNY_Events,"New York, NY",0,1,0
254,2022-02-21 20:13:58+00:00,Cleared: Construction on #NewJerseyTurnpikeEasternSpur SB from North of Interchange 17E - NJ 3/Lincoln Tunnel to North of Interchange 17E - NJ 3/Lincoln Tunnel,511NY,New York State,0,0,0
255,2022-02-21 20:12:59+00:00,Construction workers really be creating massive traffic for fucking nothing,alisyaxo,"New York, NY",0,0,0
256,2022-02-21 20:12:58+00:00,"When construction began, no one could know that it would take so long as to result in the top half being forever of a different color than the bottom. Or that shifting tastes in monuments would render the original plan untenable. Or that money would be such problem,  for so long. https://t.co/C9CkP0vlza",PlaceChaseTours,"New York, NY",1,0,0
257,2022-02-21 20:08:51+00:00,@shanoonweeb Construction is always a pain.,Tectonicphoto,New York City,0,0,0
258,2022-02-21 20:07:50+00:00,"@TomEDewey1948 Or idk if ur referring to the South Bronx section, then look for the Cross Bronx Expressway. There is an exit for Zerega Ave that makes it contiguous",nystate_alex,"New York, USA",1,1,0
259,2022-02-21 20:06:44+00:00,"Leaving the city by way of the #HollandTunnel will take you 15-20 minutes, while the trip inbound is at 10-15. The #LincolnTunnel is hovering around 10 minutes in both directions. @1010WINS @PANYNJ_HT https://t.co/qmxmsjn6Lc",WINSTRAFFICNYC,New York,0,0,0
260,2022-02-21 20:04:21+00:00,"In #Queens, the eastbound #LongIslandExpressway is tied up coming into Grand Central Parkway where an accident occupies the left lane. @1010WINS @NYC_DOT https://t.co/ZHhwbru3Lw",WINSTRAFFICNYC,New York,0,0,0
261,2022-02-21 20:03:22+00:00,@unfortunatalie Hasn‚Äôt she been on light duty since birth? Not like she is a construction worker or a farmer.,ZientakbBrian,"New York, USA",0,0,0
262,2022-02-21 20:02:18+00:00,Updated: Construction on #SANDSST WB from GOLD ST to JAY ST https://t.co/9si6jex0pJ,511NY,New York State,0,0,0
263,2022-02-21 20:02:17+00:00,Updated: Construction on #SANDSST EB from SANDS ST to GOLD ST https://t.co/R5rrAWqIaa,511NY,New York State,0,0,0
264,2022-02-21 20:02:17+00:00,Updated: Construction on #NY27 WB from 7th Avenue to 3rd Avenue https://t.co/DkbZ4BV3ZA,511NY,New York State,0,0,0
265,2022-02-21 20:02:17+00:00,Updated: Construction on #NY27 EB from 4th Avenue to 7th Avenue https://t.co/Pjff0LgNg3,511NY,New York State,0,0,0
266,2022-02-21 20:00:58+00:00,"Integrated packages meant to meet even the toughest regulatory requirements and comprehensive services that include Safety Inspections, Safety Management and Safety Training. #NYC

#SafetyManagement made simple.

Learn More: https://t.co/cYIksVokAP https://t.co/upuB0PJLnW",NyCrsg,"New York, NY",0,0,0
267,2022-02-21 20:00:39+00:00,"@JobyInvestor Have asked this earlier, asking again.
Managing traffic in sky will be diff level challenge. Imagine 100,000+ of these high speed air taxis mingling with other ‚úàÔ∏è planes/ objects just in LA/ orange county.
Not easy. Need diff level tech.",mastmilu,New York,0,0,0
268,2022-02-21 19:58:22+00:00,"Lmao elderly shouldn‚Äôt be on the road. Some lady blocked traffic, elderly, to try to go into the turning lane cause she didn‚Äôt want to wait behind all of us in the turning lane. She tried to cut me off, I honked, didn‚Äôt let her, then flicked her off.",Heehaw_JWF,"New York, USA",0,0,0
269,2022-02-21 19:57:34+00:00,@TransitNinja205 @2AvSagas @RossBarkan I also think we need more bus priority signals throughout the city. But I'm not advocating buses run red lights just to beat traffic until they're installed. A lack of dedicated infrastructure is no excuse for breaking the law.,Bobbyobbyobby_,"New York, NY",0,0,0
270,2022-02-21 19:55:01+00:00,"‚ÄúWe‚Äôre going to have a shutdown,‚Äù Bob Bolus, the organizer, told The Epoch Times. ‚ÄúWe‚Äôll shut it down.‚Äù

A US #TruckerConvoy planning to leave soon plans on shutting down traffic on the Capital Beltway outside #WashingtonDC. https://t.co/qvXAUbkNhc",EpochTimes,"New York, USA",11,121,48
271,2022-02-21 19:54:55+00:00,"Why is there traffic, just go lol",TommyTurkovic,NYC,0,1,0
272,2022-02-21 19:44:46+00:00,@AnnualModular @TrueventusMy Modular construction has been about for over 30 years,carpman33654454,"New York, USA",0,0,0
273,2022-02-21 19:42:11+00:00,Cleared: Construction on #NY27 EB from 7th Avenue to Exit 4 - John P Devaney Boulevard,511NY,New York State,0,0,0
274,2022-02-21 19:38:39+00:00,This construction nextdoor,bob_le_buildier,"New York, USA",0,1,0
275,2022-02-21 19:36:02+00:00,"LEASE
IMAGE: Michael Wang
DATE: 02/01/2022
ADDRESS: 18-31 131st St. 
MARKET: Queens
ASSET TYPE: Industrial

TENANT: The New York City School Construction Authority
BROKER: Michael Wang (@MichaelWan...

View more details on Insta: https://t.co/Vhh35QXwyk https://t.co/8ui81iyjwE",tradedny,New York,0,0,1
276,2022-02-21 19:31:34+00:00,@JustinBrannan Hey pal! Any chance we can get some NYPD traffic around bayridge between 68th and 75th on 5th? The double parking and people running red lights is insane! I was just nearly hit by a middle eastern dude who ran a red and then got verbally abusive when I had to move.,Loafhimself,"Brooklyn, NYC",0,0,0
277,2022-02-21 19:31:19+00:00,Construction sends millions of tons of waste to landfills every year. CNY Group is trying to recycle it instead. https://t.co/BsByfD15i2,FastCoImpact,"New York, NY",0,0,0
278,2022-02-21 19:30:06+00:00,finna hop right in traffic ü•≥,kyngstevoo,"New York, NY",0,0,0
279,2022-02-21 19:29:12+00:00,@Big13DickEnergy @boston25 Quit causing traffic and get on the sidewalks. Us people with jobs and cars need to get around.,JohnGuest420,"New York, NY",0,0,0
280,2022-02-21 19:27:31+00:00,"Europe Hotel Construction Pipeline Stands at 1,824 Projects/295,152 Rooms https://t.co/svmZCbjZRL",hoteltrends,New York,0,0,0
281,2022-02-21 19:26:37+00:00,"@wovenstrap Reminds me of the construction of a lot of film noir titles. ""Murder, My Sweet"" or ""So Dark the Night""",JackRossiterMun,"New York, NY",1,1,0
282,2022-02-21 19:23:08+00:00,"CLEARED LOWER HUDSON VALLEY: Slow traffic: WB on I-287 exit 8-exit 1: Stop and go traffic: Incident clear, traffic normal.",ThruwayTraffic,New York ,0,1,1
283,2022-02-21 19:22:49+00:00,A positive message drivers to send to drivers as you ride by them in traffic. https://t.co/rc7CYzWknD,BrooklynSpoke,"New York, NY",3,33,0
284,2022-02-21 19:20:39+00:00,"In the #Bronx, the eastbound #CrossBronxExpressway has a crash taking out the left lane east of the Major Deegan Expressway. @1010WINS @NYC_DOT https://t.co/4stQyG4x3m",WINSTRAFFICNYC,New York,0,1,0
285,2022-02-21 19:15:31+00:00,Historic Legend Rally Cars Crash Compilation¬†2020 https://t.co/WgSijB9Gdq,724accidents,"New York, US",0,0,0
286,2022-02-21 19:15:31+00:00,"Traffic is sluggish getting onto the Manhattan-bound upper level of the #QueensboroBridge, then it moves well across the span. The Manhattan-bound lower level goods good. Queens-bound is quiet on both levels. The #QueensMidtownTunnel is in good shape both ways. @1010WINS @MTA https://t.co/dwsLv8o5wN",WINSTRAFFICNYC,New York,0,0,0
287,2022-02-21 19:14:25+00:00,Happy birthday to the only person that went to prison for a traffic ticket @KaitBaitxo,MoThePolitician,"New York, USA",0,1,0
288,2022-02-21 19:14:07+00:00,"Facebook in particular has been core to Shopify‚Äôs success, at one point representing 85% of all social traffic

Today, 22% of /all/ traffic to Shopify stores comes from Facebook alone

https://t.co/GMIIRFOEpd",janerikasplund,New York City,1,3,0
289,2022-02-21 19:13:43+00:00,#SocialMedia #SocialMediaMarketing This can be quite possibly the most well-performing technique of generating traffic towards your company but given that you will have the secret key element https://t.co/mJxIeCtT4s https://t.co/Lu9QNyPLTS,TheWealthZone,"New York, NY",0,1,0
290,2022-02-21 19:10:01+00:00,The inbound #GowanusExpressway/eastbound #BQE has delays from 39th Street to Atlantic Avenue as a result of a crash in the center lane. @1010WINS @NYC_DOT https://t.co/lTGjycjhp0,WINSTRAFFICNYC,New York,0,0,0
291,2022-02-21 18:57:41+00:00,"what should‚Äôve maybe been a 10 minute journey has now turned into an hour and a half 

because fuck Long Island traffic",spoon_footpwder,"New York, NY",0,1,0
292,2022-02-21 18:56:09+00:00,"I would've love to start streaming but... there's so much construction going over near my home, too much loud background noise. :(

Oh well.",beardgator,NYC,1,8,0
293,2022-02-21 18:55:10+00:00,"Check out my new video with @WilliamScurry where we get freaky discussing David Cronenberg and the car crash as ""a fertilizing rather than a destructive event"": https://t.co/rnJ57LLo71 https://t.co/eSqqczoTEy",gknout,New York City,4,78,17
294,2022-02-21 18:54:12+00:00,If you think them doing construction outside my bedroom door is going to stop me from blasting Gaga in the shower (daily ritual) u are wrong and mistaken,ajaxvibez,la|nyc,2,2,0
295,2022-02-21 18:52:27+00:00,"Fun Fact:  The protesters against the Vietnam War didn't have a chance of ending the war until in 1971 they peacefully but firmly blocked traffic in the belly of the beast, Washington, DC.  And Congress couldn't ignore them any longer.  Why am I saying this now?  Oh, no reason...",AjaxtheGreat9,New York,5,6,2
296,2022-02-21 18:50:55+00:00,"In the #Bronx, southbound #BronxRiverParkway has a crash in the the right lane near Sheridan Expressway. @1010WINS @NYC_DOT https://t.co/63K3aB3qJe",WINSTRAFFICNYC,New York,0,0,0
297,2022-02-21 18:50:43+00:00,"Accident, center lane blocked in #BrooklynOnTheBqe on I-278 (Gow Expy) EB approaching Atlantic Ave/x27, stopped traffic back to The Gowanus Canal #traffic https://t.co/cLJ9IKsg5n",TotalTrafficNYC,New York City & New Jersey,0,0,0
298,2022-02-21 18:49:11+00:00,"We are on the Expressway to #WrestleMania, and @davidlagreca1 &amp; @bullyray5150 are getting you ready on the Busted Open Podcast!

Today:
üü¢#WWEChamber Recap
‚öîÔ∏è@BrockLesnar as #WWEChampion 
‚ö±Ô∏èHopes for @undertaker's #WWEHOF induction

Listen NOW!‚¨áÔ∏è‚¨áÔ∏è
https://t.co/OfYp4fPQUa",BustedOpenRadio,NYC,1,12,4
299,2022-02-21 18:45:00+00:00,"We congratulate Gavaskar Reid on the 6th year of offering construction mentoring in collaboration with NEW for select high schools in NYC. 
Begins Tuesday, February 22 through Friday, February 25th.
https://t.co/oAI68iGQ5o

#MariaVBuckmire #DeniseMontes #CTE
#mentoring",YouthConstruct,"New York, NY",0,0,1
300,2022-02-21 18:44:43+00:00,"@sandypsj ""Traffic violence is a distraction. Why isn't anyone talking about The Revolution?""",foxandcity,"New York, USA",0,2,0
